InvoiceTransID,Invoice Code,Invoice Date,CustomerID,ProductID,Units,MSRP,UnitPrice,ExtPrice
864,288,2026-03-25,12,7,14,9.99,8.99,125.86
848,282,2026-03-25,5,5,17,14.99,13.99,237.83
833,277,2026-03-25,1,1,17,14.99,13.99,237.83
834,277,2026-03-25,1,2,12,14.99,13.99,167.88
835,277,2026-03-25,1,4,18,14.99,13.99,251.82
836,278,2026-03-25,4,4,13,14.99,13.99,181.87
837,278,2026-03-25,4,5,11,14.99,13.99,153.89
838,279,2026-03-25,7,1,4,14.99,13.99,55.96
839,279,2026-03-25,7,3,6,27.99,25.99,155.94
841,280,2026-03-25,10,7,10,9.99,8.99,89.9
842,280,2026-03-25,10,4,13,14.99,13.99,181.87
843,280,2026-03-25,10,1,8,14.99,13.99,111.92
844,280,2026-03-25,10,9,13,14.99,13.99,181.87
845,281,2026-03-25,2,5,12,14.99,13.99,167.88
846,281,2026-03-25,2,1,16,14.99,13.99,223.84
847,281,2026-03-25,2,6,15,27.99,25.99,389.85
840,279,2026-03-25,7,2,4,14.99,13.99,55.96
849,282,2026-03-25,5,6,16,27.99,25.99,415.84
857,285,2026-03-25,3,1,21,14.99,13.99,293.79
850,283,2026-03-25,8,1,6,14.99,13.99,83.94
863,288,2026-03-25,12,1,7,14.99,13.99,97.93
862,288,2026-03-25,12,4,11,14.99,13.99,153.89
861,287,2026-03-25,9,3,8,27.99,25.99,207.92
859,286,2026-03-25,6,2,14,14.99,13.99,195.86
858,286,2026-03-25,6,6,12,27.99,25.99,311.88
860,287,2026-03-25,9,5,5,14.99,13.99,69.95
856,285,2026-03-25,3,9,20,14.99,13.99,279.8
855,285,2026-03-25,3,5,22,14.99,13.99,307.78
854,284,2026-03-25,11,9,7,14.99,13.99,97.93
853,284,2026-03-25,11,8,7,9.99,8.99,62.93
852,283,2026-03-25,8,2,4,14.99,13.99,55.96
851,283,2026-03-25,8,3,4,27.99,25.99,103.96
812,270,2026-03-18,5,2,15,14.99,13.99,209.85
804,268,2026-03-18,10,1,12,14.99,13.99,167.88
811,269,2026-03-18,2,4,22,14.99,13.99,307.78
810,269,2026-03-18,2,2,17,14.99,13.99,237.83
809,269,2026-03-18,2,5,18,14.99,13.99,251.82
808,269,2026-03-18,2,9,12,14.99,13.99,167.88
807,268,2026-03-18,10,9,8,14.99,13.99,111.92
806,268,2026-03-18,10,8,8,9.99,8.99,71.92
805,268,2026-03-18,10,7,8,9.99,8.99,71.92
797,265,2026-03-18,1,3,15,27.99,25.99,389.85
803,267,2026-03-18,7,9,9,14.99,13.99,125.91
802,267,2026-03-18,7,5,10,14.99,13.99,139.9
801,266,2026-03-18,4,6,12,27.99,25.99,311.88
800,266,2026-03-18,4,9,9,14.99,13.99,125.91
799,266,2026-03-18,4,2,10,14.99,13.99,139.9
798,265,2026-03-18,1,6,17,27.99,25.99,441.83
796,265,2026-03-18,1,1,14,14.99,13.99,195.86
814,270,2026-03-18,5,5,16,14.99,13.99,223.84
813,270,2026-03-18,5,4,11,14.99,13.99,153.89
821,272,2026-03-18,11,4,12,14.99,13.99,167.88
815,270,2026-03-18,5,3,11,27.99,25.99,285.89
825,274,2026-03-18,6,3,18,27.99,25.99,467.82
816,271,2026-03-18,8,9,6,14.99,13.99,83.94
832,276,2026-03-18,12,8,8,9.99,8.99,71.92
831,276,2026-03-18,12,9,14,14.99,13.99,195.86
830,276,2026-03-18,12,7,13,9.99,8.99,116.87
829,276,2026-03-18,12,1,10,14.99,13.99,139.9
827,275,2026-03-18,9,3,9,27.99,25.99,233.91
826,275,2026-03-18,9,9,4,14.99,13.99,55.96
828,275,2026-03-18,9,5,10,14.99,13.99,139.9
824,274,2026-03-18,6,9,8,14.99,13.99,111.92
823,273,2026-03-18,3,2,21,14.99,13.99,293.79
822,273,2026-03-18,3,9,24,14.99,13.99,335.76
820,272,2026-03-18,11,7,14,9.99,8.99,125.86
819,272,2026-03-18,11,8,14,9.99,8.99,125.86
818,271,2026-03-18,8,2,8,14.99,13.99,111.92
817,271,2026-03-18,8,4,9,14.99,13.99,125.91
765,255,2026-03-11,7,5,8,14.99,13.99,111.92
774,258,2026-03-11,5,9,12,14.99,13.99,167.88
773,258,2026-03-11,5,5,13,14.99,13.99,181.87
772,257,2026-03-11,2,6,19,27.99,25.99,493.81
771,257,2026-03-11,2,2,19,14.99,13.99,265.81
770,256,2026-03-11,10,8,8,9.99,8.99,71.92
769,256,2026-03-11,10,9,14,14.99,13.99,195.86
768,256,2026-03-11,10,1,7,14.99,13.99,97.93
767,256,2026-03-11,10,4,11,14.99,13.99,153.89
757,253,2026-03-11,1,4,17,14.99,13.99,237.83
764,255,2026-03-11,7,9,6,14.99,13.99,83.94
763,254,2026-03-11,4,4,8,14.99,13.99,111.92
762,254,2026-03-11,4,5,16,14.99,13.99,223.84
761,254,2026-03-11,4,1,17,14.99,13.99,237.83
760,254,2026-03-11,4,9,15,14.99,13.99,209.85
759,253,2026-03-11,1,6,13,27.99,25.99,337.87
758,253,2026-03-11,1,1,16,14.99,13.99,223.84
776,258,2026-03-11,5,3,14,27.99,25.99,363.86
775,258,2026-03-11,5,2,14,14.99,13.99,195.86
766,255,2026-03-11,7,2,7,14.99,13.99,97.93
777,259,2026-03-11,8,6,10,27.99,25.99,259.9
787,262,2026-03-11,6,2,18,14.99,13.99,251.82
778,259,2026-03-11,8,5,9,14.99,13.99,125.91
795,264,2026-03-11,12,1,14,14.99,13.99,195.86
793,263,2026-03-11,9,4,10,14.99,13.99,139.9
792,263,2026-03-11,9,3,6,27.99,25.99,155.94
791,263,2026-03-11,9,1,10,14.99,13.99,139.9
790,263,2026-03-11,9,6,9,27.99,25.99,233.91
789,262,2026-03-11,6,5,10,14.99,13.99,139.9
788,262,2026-03-11,6,3,14,27.99,25.99,363.86
794,264,2026-03-11,12,9,12,14.99,13.99,167.88
780,260,2026-03-11,11,1,14,14.99,13.99,195.86
785,261,2026-03-11,3,5,13,14.99,13.99,181.87
784,261,2026-03-11,3,9,17,14.99,13.99,237.83
783,261,2026-03-11,3,6,14,27.99,25.99,363.86
782,260,2026-03-11,11,9,10,14.99,13.99,139.9
781,260,2026-03-11,11,7,12,9.99,8.99,107.88
786,262,2026-03-11,6,6,18,27.99,25.99,467.82
779,259,2026-03-11,8,1,9,14.99,13.99,125.91
733,245,2026-03-04,2,3,17,27.99,25.99,441.83
731,244,2026-03-04,10,8,14,9.99,8.99,125.86
732,245,2026-03-04,2,4,23,14.99,13.99,321.77
720,241,2026-03-04,1,9,21,14.99,13.99,293.79
734,246,2026-03-04,5,3,9,27.99,25.99,233.91
735,246,2026-03-04,5,2,16,14.99,13.99,223.84
729,244,2026-03-04,10,1,12,14.99,13.99,167.88
736,247,2026-03-04,8,1,10,14.99,13.99,139.9
730,244,2026-03-04,10,4,12,14.99,13.99,167.88
725,242,2026-03-04,4,3,13,27.99,25.99,337.87
728,244,2026-03-04,10,7,9,9.99,8.99,80.91
727,243,2026-03-04,7,5,10,14.99,13.99,139.9
726,243,2026-03-04,7,9,7,14.99,13.99,97.93
724,242,2026-03-04,4,9,8,14.99,13.99,111.92
723,242,2026-03-04,4,6,14,27.99,25.99,363.86
721,241,2026-03-04,1,3,18,27.99,25.99,467.82
738,247,2026-03-04,8,6,6,27.99,25.99,155.94
737,247,2026-03-04,8,5,6,14.99,13.99,83.94
722,242,2026-03-04,4,4,9,14.99,13.99,125.91
739,247,2026-03-04,8,2,9,14.99,13.99,125.91
749,250,2026-03-04,6,5,18,14.99,13.99,251.82
740,248,2026-03-04,11,4,10,14.99,13.99,139.9
755,252,2026-03-04,12,8,7,9.99,8.99,62.93
754,252,2026-03-04,12,9,14,14.99,13.99,195.86
753,252,2026-03-04,12,7,11,9.99,8.99,98.89
752,251,2026-03-04,9,1,7,14.99,13.99,97.93
751,251,2026-03-04,9,4,7,14.99,13.99,97.93
750,250,2026-03-04,6,9,13,14.99,13.99,181.87
756,252,2026-03-04,12,1,10,14.99,13.99,139.9
748,250,2026-03-04,6,6,13,27.99,25.99,337.87
746,249,2026-03-04,3,4,24,14.99,13.99,335.76
745,249,2026-03-04,3,2,21,14.99,13.99,293.79
744,249,2026-03-04,3,1,24,14.99,13.99,335.76
743,248,2026-03-04,11,7,8,9.99,8.99,71.92
742,248,2026-03-04,11,1,8,14.99,13.99,111.92
741,248,2026-03-04,11,9,9,14.99,13.99,125.91
747,249,2026-03-04,3,5,21,14.99,13.99,293.79
694,231,2026-02-25,7,5,4,14.99,13.99,55.96
701,234,2026-02-25,5,5,14,14.99,13.99,195.86
700,234,2026-02-25,5,2,13,14.99,13.99,181.87
699,233,2026-02-25,2,9,18,14.99,13.99,251.82
698,233,2026-02-25,2,4,19,14.99,13.99,265.81
697,233,2026-02-25,2,6,21,27.99,25.99,545.79
696,232,2026-02-25,10,1,10,14.99,13.99,139.9
695,232,2026-02-25,10,4,7,14.99,13.99,97.93
690,230,2026-02-25,4,4,10,14.99,13.99,139.9
693,231,2026-02-25,7,3,4,27.99,25.99,103.96
692,231,2026-02-25,7,6,8,27.99,25.99,207.92
691,230,2026-02-25,4,9,13,14.99,13.99,181.87
689,230,2026-02-25,4,2,13,14.99,13.99,181.87
688,230,2026-02-25,4,5,15,14.99,13.99,209.85
687,229,2026-02-25,1,9,13,14.99,13.99,181.87
686,229,2026-02-25,1,6,12,27.99,25.99,311.88
702,234,2026-02-25,5,1,9,14.99,13.99,125.91
703,235,2026-02-25,8,6,7,27.99,25.99,181.93
704,235,2026-02-25,8,9,8,14.99,13.99,111.92
713,238,2026-02-25,6,6,10,27.99,25.99,259.9
705,235,2026-02-25,8,5,9,14.99,13.99,125.91
719,240,2026-02-25,12,4,13,14.99,13.99,181.87
718,240,2026-02-25,12,1,6,14.99,13.99,83.94
717,240,2026-02-25,12,7,12,9.99,8.99,107.88
715,239,2026-02-25,9,5,5,14.99,13.99,69.95
714,239,2026-02-25,9,4,9,14.99,13.99,125.91
716,240,2026-02-25,12,9,6,14.99,13.99,83.94
712,238,2026-02-25,6,4,14,14.99,13.99,195.86
711,237,2026-02-25,3,3,13,27.99,25.99,337.87
710,237,2026-02-25,3,9,17,14.99,13.99,237.83
709,237,2026-02-25,3,2,16,14.99,13.99,223.84
708,236,2026-02-25,11,8,9,9.99,8.99,80.91
707,236,2026-02-25,11,4,6,14.99,13.99,83.94
706,236,2026-02-25,11,1,6,14.99,13.99,83.94
656,219,2026-02-18,7,9,9,14.99,13.99,125.91
664,222,2026-02-18,5,1,8,14.99,13.99,111.92
663,221,2026-02-18,2,1,17,14.99,13.99,237.83
662,221,2026-02-18,2,2,20,14.99,13.99,279.8
661,221,2026-02-18,2,3,20,27.99,25.99,519.8
660,221,2026-02-18,2,6,21,27.99,25.99,545.79
659,220,2026-02-18,10,8,7,9.99,8.99,62.93
658,220,2026-02-18,10,9,12,14.99,13.99,167.88
657,220,2026-02-18,10,1,7,14.99,13.99,97.93
647,217,2026-02-18,1,1,18,14.99,13.99,251.82
655,219,2026-02-18,7,6,5,27.99,25.99,129.95
654,219,2026-02-18,7,3,6,27.99,25.99,155.94
653,218,2026-02-18,4,6,13,27.99,25.99,337.87
652,218,2026-02-18,4,4,9,14.99,13.99,125.91
651,218,2026-02-18,4,9,14,14.99,13.99,195.86
649,217,2026-02-18,1,5,15,14.99,13.99,209.85
648,217,2026-02-18,1,6,19,27.99,25.99,493.81
666,222,2026-02-18,5,3,17,27.99,25.99,441.83
665,222,2026-02-18,5,4,12,14.99,13.99,167.88
650,217,2026-02-18,1,2,18,14.99,13.99,251.82
667,222,2026-02-18,5,6,12,27.99,25.99,311.88
677,226,2026-02-18,6,6,17,27.99,25.99,441.83
685,228,2026-02-18,12,8,7,9.99,8.99,62.93
683,228,2026-02-18,12,7,8,9.99,8.99,71.92
668,223,2026-02-18,8,1,5,14.99,13.99,69.95
682,227,2026-02-18,9,6,6,27.99,25.99,155.94
681,227,2026-02-18,9,3,10,27.99,25.99,259.9
680,226,2026-02-18,6,1,8,14.99,13.99,111.92
679,226,2026-02-18,6,5,12,14.99,13.99,167.88
678,226,2026-02-18,6,9,18,14.99,13.99,251.82
684,228,2026-02-18,12,1,12,14.99,13.99,167.88
676,225,2026-02-18,3,4,21,14.99,13.99,293.79
674,225,2026-02-18,3,5,20,14.99,13.99,279.8
673,224,2026-02-18,11,9,7,14.99,13.99,97.93
672,224,2026-02-18,11,1,11,14.99,13.99,153.89
671,224,2026-02-18,11,4,14,14.99,13.99,195.86
670,223,2026-02-18,8,6,9,27.99,25.99,233.91
669,223,2026-02-18,8,5,5,14.99,13.99,69.95
675,225,2026-02-18,3,2,24,14.99,13.99,335.76
620,207,2026-02-11,7,6,10,27.99,25.99,259.9
627,210,2026-02-11,5,2,9,14.99,13.99,125.91
626,210,2026-02-11,5,1,16,14.99,13.99,223.84
625,209,2026-02-11,2,5,14,14.99,13.99,195.86
624,209,2026-02-11,2,2,12,14.99,13.99,167.88
623,209,2026-02-11,2,9,17,14.99,13.99,237.83
622,208,2026-02-11,10,9,6,14.99,13.99,83.94
621,208,2026-02-11,10,1,8,14.99,13.99,111.92
616,206,2026-02-11,4,9,17,14.99,13.99,237.83
619,207,2026-02-11,7,2,6,14.99,13.99,83.94
618,207,2026-02-11,7,9,8,14.99,13.99,111.92
617,206,2026-02-11,4,6,8,27.99,25.99,207.92
615,206,2026-02-11,4,5,10,14.99,13.99,139.9
613,205,2026-02-11,1,5,13,14.99,13.99,181.87
612,205,2026-02-11,1,2,15,14.99,13.99,209.85
629,211,2026-02-11,8,4,8,14.99,13.99,111.92
628,210,2026-02-11,5,4,9,14.99,13.99,125.91
614,206,2026-02-11,4,2,13,14.99,13.99,181.87
630,211,2026-02-11,8,3,4,27.99,25.99,103.96
639,214,2026-02-11,6,1,17,14.99,13.99,237.83
645,216,2026-02-11,12,4,12,14.99,13.99,167.88
644,216,2026-02-11,12,7,14,9.99,8.99,125.86
643,216,2026-02-11,12,9,13,14.99,13.99,181.87
642,215,2026-02-11,9,3,9,27.99,25.99,233.91
641,215,2026-02-11,9,2,8,14.99,13.99,111.92
640,214,2026-02-11,6,3,10,27.99,25.99,259.9
646,216,2026-02-11,12,8,7,9.99,8.99,62.93
638,213,2026-02-11,3,1,19,14.99,13.99,265.81
633,212,2026-02-11,11,1,6,14.99,13.99,83.94
637,213,2026-02-11,3,6,23,27.99,25.99,597.77
632,212,2026-02-11,11,4,13,14.99,13.99,181.87
631,211,2026-02-11,8,5,7,14.99,13.99,97.93
634,212,2026-02-11,11,7,6,9.99,8.99,53.94
635,212,2026-02-11,11,9,13,14.99,13.99,181.87
636,213,2026-02-11,3,4,19,14.99,13.99,265.81
587,195,2026-02-04,7,9,9,14.99,13.99,125.91
594,197,2026-02-04,2,6,14,27.99,25.99,363.86
593,197,2026-02-04,2,1,20,14.99,13.99,279.8
592,197,2026-02-04,2,4,15,14.99,13.99,209.85
591,196,2026-02-04,10,1,6,14.99,13.99,83.94
590,196,2026-02-04,10,8,6,9.99,8.99,53.94
589,196,2026-02-04,10,7,8,9.99,8.99,71.92
588,195,2026-02-04,7,2,10,14.99,13.99,139.9
586,195,2026-02-04,7,3,4,27.99,25.99,103.96
579,193,2026-02-04,1,1,21,14.99,13.99,293.79
585,195,2026-02-04,7,5,9,14.99,13.99,125.91
584,194,2026-02-04,4,2,8,14.99,13.99,111.92
582,193,2026-02-04,1,5,17,14.99,13.99,237.83
581,193,2026-02-04,1,3,22,27.99,25.99,571.78
580,193,2026-02-04,1,4,18,14.99,13.99,251.82
595,198,2026-02-04,5,4,14,14.99,13.99,195.86
583,194,2026-02-04,4,6,15,27.99,25.99,389.85
596,198,2026-02-04,5,3,17,27.99,25.99,441.83
597,198,2026-02-04,5,5,10,14.99,13.99,139.9
605,202,2026-02-04,6,5,8,14.99,13.99,111.92
598,199,2026-02-04,8,6,8,27.99,25.99,207.92
611,204,2026-02-04,12,1,11,14.99,13.99,153.89
610,204,2026-02-04,12,9,6,14.99,13.99,83.94
609,203,2026-02-04,9,4,9,14.99,13.99,125.91
607,202,2026-02-04,6,3,12,27.99,25.99,311.88
606,202,2026-02-04,6,6,14,27.99,25.99,363.86
608,203,2026-02-04,9,1,4,14.99,13.99,55.96
604,201,2026-02-04,3,3,22,27.99,25.99,571.78
603,201,2026-02-04,3,9,13,14.99,13.99,181.87
602,200,2026-02-04,11,4,13,14.99,13.99,181.87
601,200,2026-02-04,11,7,13,9.99,8.99,116.87
600,199,2026-02-04,8,4,6,14.99,13.99,83.94
599,199,2026-02-04,8,1,7,14.99,13.99,97.93
553,184,2026-01-28,10,8,9,9.99,8.99,80.91
560,186,2026-01-28,5,2,8,14.99,13.99,111.92
559,186,2026-01-28,5,6,18,27.99,25.99,467.82
558,186,2026-01-28,5,9,18,14.99,13.99,251.82
557,185,2026-01-28,2,5,24,14.99,13.99,335.76
556,185,2026-01-28,2,2,22,14.99,13.99,307.78
555,185,2026-01-28,2,3,16,27.99,25.99,415.84
554,185,2026-01-28,2,9,21,14.99,13.99,293.79
546,181,2026-01-28,1,3,23,27.99,25.99,597.77
552,184,2026-01-28,10,9,10,14.99,13.99,139.9
551,183,2026-01-28,7,6,9,27.99,25.99,233.91
545,181,2026-01-28,1,5,16,14.99,13.99,223.84
549,182,2026-01-28,4,6,12,27.99,25.99,311.88
548,182,2026-01-28,4,9,14,14.99,13.99,195.86
547,181,2026-01-28,1,9,16,14.99,13.99,223.84
562,187,2026-01-28,8,1,9,14.99,13.99,125.91
561,186,2026-01-28,5,1,12,14.99,13.99,167.88
550,183,2026-01-28,7,5,10,14.99,13.99,139.9
563,187,2026-01-28,8,5,5,14.99,13.99,69.95
572,190,2026-01-28,6,3,9,27.99,25.99,233.91
564,187,2026-01-28,8,3,4,27.99,25.99,103.96
578,192,2026-01-28,12,1,10,14.99,13.99,139.9
577,192,2026-01-28,12,7,6,9.99,8.99,53.94
576,192,2026-01-28,12,9,12,14.99,13.99,167.88
574,191,2026-01-28,9,9,9,14.99,13.99,125.91
573,190,2026-01-28,6,1,10,14.99,13.99,139.9
575,191,2026-01-28,9,6,9,27.99,25.99,233.91
571,190,2026-01-28,6,6,15,27.99,25.99,389.85
570,189,2026-01-28,3,3,19,27.99,25.99,493.81
569,189,2026-01-28,3,9,16,14.99,13.99,223.84
568,189,2026-01-28,3,5,14,14.99,13.99,195.86
567,188,2026-01-28,11,1,14,14.99,13.99,195.86
566,188,2026-01-28,11,8,8,9.99,8.99,71.92
565,188,2026-01-28,11,7,9,9.99,8.99,80.91
516,171,2026-01-21,7,3,4,27.99,25.99,103.96
523,173,2026-01-21,2,1,17,14.99,13.99,237.83
522,173,2026-01-21,2,3,16,27.99,25.99,415.84
521,172,2026-01-21,10,4,6,14.99,13.99,83.94
520,172,2026-01-21,10,8,10,9.99,8.99,89.9
519,171,2026-01-21,7,4,9,14.99,13.99,125.91
518,171,2026-01-21,7,1,9,14.99,13.99,125.91
517,171,2026-01-21,7,2,10,14.99,13.99,139.9
508,169,2026-01-21,1,6,22,27.99,25.99,571.78
515,170,2026-01-21,4,1,18,14.99,13.99,251.82
514,170,2026-01-21,4,5,11,14.99,13.99,153.89
513,170,2026-01-21,4,4,9,14.99,13.99,125.91
512,170,2026-01-21,4,6,17,27.99,25.99,441.83
511,169,2026-01-21,1,3,17,27.99,25.99,441.83
510,169,2026-01-21,1,1,18,14.99,13.99,251.82
509,169,2026-01-21,1,4,20,14.99,13.99,279.8
526,174,2026-01-21,5,6,17,27.99,25.99,441.83
524,174,2026-01-21,5,4,16,14.99,13.99,223.84
525,174,2026-01-21,5,2,14,14.99,13.99,195.86
527,175,2026-01-21,8,9,4,14.99,13.99,55.96
536,177,2026-01-21,3,1,22,14.99,13.99,307.78
544,180,2026-01-21,12,9,9,14.99,13.99,125.91
543,180,2026-01-21,12,8,7,9.99,8.99,62.93
542,179,2026-01-21,9,3,6,27.99,25.99,155.94
541,179,2026-01-21,9,4,10,14.99,13.99,139.9
540,179,2026-01-21,9,6,7,27.99,25.99,181.93
538,178,2026-01-21,6,1,13,14.99,13.99,181.87
537,177,2026-01-21,3,4,20,14.99,13.99,279.8
539,178,2026-01-21,6,4,17,14.99,13.99,237.83
535,177,2026-01-21,3,6,16,27.99,25.99,415.84
531,176,2026-01-21,11,4,9,14.99,13.99,125.91
534,176,2026-01-21,11,1,13,14.99,13.99,181.87
529,175,2026-01-21,8,6,10,27.99,25.99,259.9
530,175,2026-01-21,8,5,7,14.99,13.99,97.93
528,175,2026-01-21,8,2,8,14.99,13.99,111.92
532,176,2026-01-21,11,8,13,9.99,8.99,116.87
533,176,2026-01-21,11,7,10,9.99,8.99,89.9
468,157,2026-01-14,1,1,15,14.99,13.99,209.85
485,162,2026-01-14,5,6,16,27.99,25.99,415.84
484,161,2026-01-14,2,6,21,27.99,25.99,545.79
483,161,2026-01-14,2,3,16,27.99,25.99,415.84
482,160,2026-01-14,10,8,10,9.99,8.99,89.9
481,160,2026-01-14,10,1,14,14.99,13.99,195.86
480,160,2026-01-14,10,4,11,14.99,13.99,153.89
479,160,2026-01-14,10,9,12,14.99,13.99,167.88
478,159,2026-01-14,7,5,5,14.99,13.99,69.95
469,157,2026-01-14,1,5,13,14.99,13.99,181.87
477,159,2026-01-14,7,4,7,14.99,13.99,97.93
476,159,2026-01-14,7,2,5,14.99,13.99,69.95
475,158,2026-01-14,4,3,15,27.99,25.99,389.85
474,158,2026-01-14,4,4,14,14.99,13.99,195.86
473,158,2026-01-14,4,2,12,14.99,13.99,167.88
472,158,2026-01-14,4,9,16,14.99,13.99,223.84
471,157,2026-01-14,1,9,13,14.99,13.99,181.87
470,157,2026-01-14,1,4,19,14.99,13.99,265.81
487,162,2026-01-14,5,2,13,14.99,13.99,181.87
486,162,2026-01-14,5,4,15,14.99,13.99,209.85
498,166,2026-01-14,6,6,8,27.99,25.99,207.92
488,162,2026-01-14,5,9,13,14.99,13.99,181.87
499,166,2026-01-14,6,2,10,14.99,13.99,139.9
489,163,2026-01-14,8,9,6,14.99,13.99,83.94
507,168,2026-01-14,12,1,11,14.99,13.99,153.89
505,168,2026-01-14,12,8,13,9.99,8.99,116.87
504,168,2026-01-14,12,4,7,14.99,13.99,97.93
503,167,2026-01-14,9,4,4,14.99,13.99,55.96
502,167,2026-01-14,9,1,7,14.99,13.99,97.93
501,167,2026-01-14,9,3,8,27.99,25.99,207.92
500,167,2026-01-14,9,5,4,14.99,13.99,55.96
506,168,2026-01-14,12,7,10,9.99,8.99,89.9
497,166,2026-01-14,6,4,15,14.99,13.99,209.85
490,163,2026-01-14,8,5,10,14.99,13.99,139.9
495,165,2026-01-14,3,3,19,27.99,25.99,493.81
494,164,2026-01-14,11,8,12,9.99,8.99,107.88
493,164,2026-01-14,11,9,9,14.99,13.99,125.91
492,163,2026-01-14,8,6,9,27.99,25.99,233.91
491,163,2026-01-14,8,4,5,14.99,13.99,69.95
496,165,2026-01-14,3,6,23,27.99,25.99,597.77
449,149,2026-01-07,2,3,16,27.99,25.99,415.84
448,149,2026-01-07,2,2,19,14.99,13.99,265.81
447,149,2026-01-07,2,1,23,14.99,13.99,321.77
446,148,2026-01-07,10,4,11,14.99,13.99,153.89
445,148,2026-01-07,10,8,11,9.99,8.99,98.89
444,148,2026-01-07,10,1,12,14.99,13.99,167.88
443,147,2026-01-07,7,5,10,14.99,13.99,139.9
440,146,2026-01-07,4,1,18,14.99,13.99,251.82
442,147,2026-01-07,7,2,9,14.99,13.99,125.91
441,147,2026-01-07,7,3,7,27.99,25.99,181.93
439,146,2026-01-07,4,5,16,14.99,13.99,223.84
438,146,2026-01-07,4,3,15,27.99,25.99,389.85
437,146,2026-01-07,4,9,10,14.99,13.99,139.9
436,145,2026-01-07,1,2,12,14.99,13.99,167.88
451,150,2026-01-07,5,9,15,14.99,13.99,209.85
450,149,2026-01-07,2,4,22,14.99,13.99,307.78
461,154,2026-01-07,6,6,11,27.99,25.99,285.89
452,150,2026-01-07,5,5,9,14.99,13.99,125.91
462,154,2026-01-07,6,4,12,14.99,13.99,167.88
434,145,2026-01-07,1,1,21,14.99,13.99,293.79
467,156,2026-01-07,12,4,10,14.99,13.99,139.9
466,156,2026-01-07,12,1,8,14.99,13.99,111.92
465,155,2026-01-07,9,4,7,14.99,13.99,97.93
464,155,2026-01-07,9,3,9,27.99,25.99,233.91
463,154,2026-01-07,6,1,16,14.99,13.99,223.84
460,153,2026-01-07,3,3,24,27.99,25.99,623.76
453,150,2026-01-07,5,1,13,14.99,13.99,181.87
459,153,2026-01-07,3,5,21,14.99,13.99,293.79
458,152,2026-01-07,11,8,6,9.99,8.99,53.94
457,152,2026-01-07,11,9,12,14.99,13.99,167.88
456,151,2026-01-07,8,4,10,14.99,13.99,139.9
455,151,2026-01-07,8,1,8,14.99,13.99,111.92
454,151,2026-01-07,8,3,10,27.99,25.99,259.9
435,145,2026-01-07,1,6,21,27.99,25.99,545.79
433,145,2026-01-07,1,3,22,27.99,25.99,571.78
406,135,2025-03-26,7,6,9,27.99,25.99,233.91
415,139,2025-03-26,8,2,6,14.99,13.99,83.94
413,139,2025-03-26,8,3,6,27.99,25.99,155.94
412,138,2025-03-26,5,4,17,14.99,13.99,237.83
410,137,2025-03-26,2,9,13,14.99,13.99,181.87
409,137,2025-03-26,2,2,20,14.99,13.99,279.8
408,136,2025-03-26,10,9,7,14.99,13.99,97.93
407,136,2025-03-26,10,4,10,14.99,13.99,139.9
405,135,2025-03-26,7,5,8,14.99,13.99,111.92
404,135,2025-03-26,7,3,4,27.99,25.99,103.96
403,134,2025-03-26,4,4,17,14.99,13.99,237.83
402,134,2025-03-26,4,2,12,14.99,13.99,167.88
401,134,2025-03-26,4,9,15,14.99,13.99,209.85
400,134,2025-03-26,4,5,15,14.99,13.99,209.85
399,133,2025-03-26,1,5,18,14.99,13.99,251.82
398,133,2025-03-26,1,1,24,14.99,13.99,335.76
432,144,2025-03-26,12,7,11,9.99,8.99,98.89
414,139,2025-03-26,8,1,9,14.99,13.99,125.91
411,138,2025-03-26,5,1,15,14.99,13.99,209.85
416,140,2025-03-26,11,8,10,9.99,8.99,89.9
424,142,2025-03-26,6,5,12,14.99,13.99,167.88
431,144,2025-03-26,12,1,12,14.99,13.99,167.88
430,144,2025-03-26,12,8,6,9.99,8.99,53.94
429,143,2025-03-26,9,4,8,14.99,13.99,111.92
428,143,2025-03-26,9,3,8,27.99,25.99,207.92
427,143,2025-03-26,9,6,6,27.99,25.99,155.94
417,140,2025-03-26,11,1,9,14.99,13.99,125.91
425,142,2025-03-26,6,6,15,27.99,25.99,389.85
426,142,2025-03-26,6,9,9,14.99,13.99,125.91
423,141,2025-03-26,3,3,14,27.99,25.99,363.86
422,141,2025-03-26,3,9,12,14.99,13.99,167.88
421,141,2025-03-26,3,6,13,27.99,25.99,337.87
420,141,2025-03-26,3,2,14,14.99,13.99,195.86
419,140,2025-03-26,11,9,7,14.99,13.99,97.93
418,140,2025-03-26,11,7,12,9.99,8.99,107.88
376,126,2025-03-19,5,6,15,27.99,25.99,389.85
367,123,2025-03-19,7,5,7,14.99,13.99,97.93
375,126,2025-03-19,5,5,11,14.99,13.99,153.89
374,125,2025-03-19,2,2,13,14.99,13.99,181.87
373,125,2025-03-19,2,6,17,27.99,25.99,441.83
372,124,2025-03-19,10,4,9,14.99,13.99,125.91
371,124,2025-03-19,10,8,10,9.99,8.99,89.9
369,124,2025-03-19,10,7,10,9.99,8.99,89.9
368,123,2025-03-19,7,6,9,27.99,25.99,233.91
370,124,2025-03-19,10,9,10,14.99,13.99,139.9
366,123,2025-03-19,7,4,6,14.99,13.99,83.94
365,122,2025-03-19,4,9,17,14.99,13.99,237.83
364,122,2025-03-19,4,4,18,14.99,13.99,251.82
363,122,2025-03-19,4,2,12,14.99,13.99,167.88
362,121,2025-03-19,1,5,13,14.99,13.99,181.87
361,121,2025-03-19,1,4,12,14.99,13.99,167.88
360,121,2025-03-19,1,2,24,14.99,13.99,335.76
359,121,2025-03-19,1,9,19,14.99,13.99,265.81
378,126,2025-03-19,5,9,17,14.99,13.99,237.83
377,126,2025-03-19,5,2,12,14.99,13.99,167.88
387,129,2025-03-19,3,2,12,14.99,13.99,167.88
379,127,2025-03-19,8,5,6,14.99,13.99,83.94
389,130,2025-03-19,6,4,13,14.99,13.99,181.87
380,127,2025-03-19,8,3,5,27.99,25.99,129.95
396,132,2025-03-19,12,9,10,14.99,13.99,139.9
395,132,2025-03-19,12,1,8,14.99,13.99,111.92
394,131,2025-03-19,9,1,7,14.99,13.99,97.93
393,131,2025-03-19,9,4,4,14.99,13.99,55.96
392,131,2025-03-19,9,9,10,14.99,13.99,139.9
391,130,2025-03-19,6,6,8,27.99,25.99,207.92
390,130,2025-03-19,6,9,10,14.99,13.99,139.9
397,132,2025-03-19,12,8,7,9.99,8.99,62.93
388,129,2025-03-19,3,4,21,14.99,13.99,293.79
386,129,2025-03-19,3,6,13,27.99,25.99,337.87
385,128,2025-03-19,11,8,14,9.99,8.99,125.86
384,128,2025-03-19,11,4,6,14.99,13.99,83.94
383,128,2025-03-19,11,1,6,14.99,13.99,83.94
382,127,2025-03-19,8,2,5,14.99,13.99,69.95
381,127,2025-03-19,8,1,6,14.99,13.99,83.94
329,111,2025-03-12,7,5,10,14.99,13.99,139.9
338,114,2025-03-12,5,6,10,27.99,25.99,259.9
337,113,2025-03-12,2,5,22,14.99,13.99,307.78
335,113,2025-03-12,2,1,18,14.99,13.99,251.82
334,113,2025-03-12,2,3,13,27.99,25.99,337.87
333,112,2025-03-12,10,7,14,9.99,8.99,125.86
332,112,2025-03-12,10,8,7,9.99,8.99,62.93
331,112,2025-03-12,10,9,11,14.99,13.99,153.89
330,111,2025-03-12,7,1,4,14.99,13.99,55.96
326,110,2025-03-12,4,1,9,14.99,13.99,125.91
328,111,2025-03-12,7,3,8,27.99,25.99,207.92
327,111,2025-03-12,7,9,10,14.99,13.99,139.9
340,114,2025-03-12,5,4,18,14.99,13.99,251.82
325,110,2025-03-12,4,2,11,14.99,13.99,153.89
324,110,2025-03-12,4,9,18,14.99,13.99,251.82
323,110,2025-03-12,4,4,17,14.99,13.99,237.83
322,109,2025-03-12,1,1,21,14.99,13.99,293.79
321,109,2025-03-12,1,5,16,14.99,13.99,223.84
339,114,2025-03-12,5,2,16,14.99,13.99,223.84
336,113,2025-03-12,2,4,17,14.99,13.99,237.83
341,115,2025-03-12,8,5,7,14.99,13.99,97.93
350,117,2025-03-12,3,4,19,14.99,13.99,265.81
358,120,2025-03-12,12,4,13,14.99,13.99,181.87
357,120,2025-03-12,12,1,12,14.99,13.99,167.88
342,115,2025-03-12,8,9,7,14.99,13.99,97.93
355,119,2025-03-12,9,6,4,27.99,25.99,103.96
354,119,2025-03-12,9,5,8,14.99,13.99,111.92
353,118,2025-03-12,6,9,13,14.99,13.99,181.87
352,118,2025-03-12,6,4,12,14.99,13.99,167.88
351,118,2025-03-12,6,2,13,14.99,13.99,181.87
356,119,2025-03-12,9,3,8,27.99,25.99,207.92
349,117,2025-03-12,3,9,12,14.99,13.99,167.88
347,116,2025-03-12,11,1,9,14.99,13.99,125.91
346,116,2025-03-12,11,4,13,14.99,13.99,181.87
345,116,2025-03-12,11,7,10,9.99,8.99,89.9
344,116,2025-03-12,11,9,7,14.99,13.99,97.93
343,115,2025-03-12,8,4,10,14.99,13.99,139.9
348,117,2025-03-12,3,5,17,14.99,13.99,237.83
297,99,2025-03-05,7,4,8,14.99,13.99,111.92
303,102,2025-03-05,5,4,13,14.99,13.99,181.87
302,101,2025-03-05,2,3,17,27.99,25.99,441.83
301,101,2025-03-05,2,1,18,14.99,13.99,251.82
300,100,2025-03-05,10,8,13,9.99,8.99,116.87
299,100,2025-03-05,10,1,8,14.99,13.99,111.92
298,99,2025-03-05,7,5,9,14.99,13.99,125.91
305,103,2025-03-05,8,9,10,14.99,13.99,139.9
296,98,2025-03-05,4,4,16,14.99,13.99,223.84
295,98,2025-03-05,4,2,17,14.99,13.99,237.83
294,98,2025-03-05,4,6,10,27.99,25.99,259.9
293,97,2025-03-05,1,3,24,27.99,25.99,623.76
292,97,2025-03-05,1,4,22,14.99,13.99,307.78
291,97,2025-03-05,1,1,22,14.99,13.99,307.78
304,102,2025-03-05,5,3,14,27.99,25.99,363.86
317,107,2025-03-05,9,2,9,14.99,13.99,125.91
306,103,2025-03-05,8,4,4,14.99,13.99,55.96
314,106,2025-03-05,6,2,15,14.99,13.99,209.85
307,103,2025-03-05,8,3,7,27.99,25.99,181.93
320,108,2025-03-05,12,9,10,14.99,13.99,139.9
319,108,2025-03-05,12,4,8,14.99,13.99,111.92
318,108,2025-03-05,12,7,7,9.99,8.99,62.93
315,106,2025-03-05,6,9,18,14.99,13.99,251.82
316,107,2025-03-05,9,5,7,14.99,13.99,97.93
313,105,2025-03-05,3,5,21,14.99,13.99,293.79
312,105,2025-03-05,3,9,12,14.99,13.99,167.88
311,105,2025-03-05,3,6,15,27.99,25.99,389.85
310,105,2025-03-05,3,1,15,14.99,13.99,209.85
309,104,2025-03-05,11,1,9,14.99,13.99,125.91
308,104,2025-03-05,11,9,11,14.99,13.99,153.89
265,88,2025-02-26,10,4,8,14.99,13.99,111.92
271,90,2025-02-26,5,2,9,14.99,13.99,125.91
270,90,2025-02-26,5,6,15,27.99,25.99,389.85
269,89,2025-02-26,2,9,20,14.99,13.99,279.8
268,89,2025-02-26,2,2,24,14.99,13.99,335.76
267,89,2025-02-26,2,3,24,27.99,25.99,623.76
266,88,2025-02-26,10,8,13,9.99,8.99,116.87
258,85,2025-02-26,1,6,19,27.99,25.99,493.81
264,88,2025-02-26,10,7,13,9.99,8.99,116.87
263,88,2025-02-26,10,9,14,14.99,13.99,195.86
262,87,2025-02-26,7,4,8,14.99,13.99,111.92
261,87,2025-02-26,7,9,9,14.99,13.99,125.91
260,86,2025-02-26,4,2,15,14.99,13.99,209.85
259,86,2025-02-26,4,5,9,14.99,13.99,125.91
274,91,2025-02-26,8,9,8,14.99,13.99,111.92
257,85,2025-02-26,1,2,20,14.99,13.99,279.8
273,91,2025-02-26,8,3,6,27.99,25.99,155.94
272,90,2025-02-26,5,3,12,27.99,25.99,311.88
275,92,2025-02-26,11,4,9,14.99,13.99,125.91
284,95,2025-02-26,9,1,4,14.99,13.99,55.96
276,92,2025-02-26,11,9,12,14.99,13.99,167.88
290,96,2025-02-26,12,9,12,14.99,13.99,167.88
289,96,2025-02-26,12,4,10,14.99,13.99,139.9
288,96,2025-02-26,12,8,9,9.99,8.99,80.91
286,95,2025-02-26,9,4,6,14.99,13.99,83.94
285,95,2025-02-26,9,5,6,14.99,13.99,83.94
287,95,2025-02-26,9,6,10,27.99,25.99,259.9
283,94,2025-02-26,6,2,17,14.99,13.99,237.83
282,94,2025-02-26,6,1,14,14.99,13.99,195.86
281,94,2025-02-26,6,4,14,14.99,13.99,195.86
280,93,2025-02-26,3,1,20,14.99,13.99,279.8
279,93,2025-02-26,3,9,17,14.99,13.99,237.83
278,93,2025-02-26,3,6,18,27.99,25.99,467.82
277,93,2025-02-26,3,2,18,14.99,13.99,251.82
226,75,2025-02-19,7,3,8,27.99,25.99,207.92
235,77,2025-02-19,2,2,12,14.99,13.99,167.88
234,77,2025-02-19,2,6,20,27.99,25.99,519.8
233,77,2025-02-19,2,4,18,14.99,13.99,251.82
232,76,2025-02-19,10,9,12,14.99,13.99,167.88
231,76,2025-02-19,10,7,9,9.99,8.99,80.91
230,76,2025-02-19,10,8,8,9.99,8.99,71.92
229,75,2025-02-19,7,9,7,14.99,13.99,97.93
228,75,2025-02-19,7,1,9,14.99,13.99,125.91
218,73,2025-02-19,1,2,12,14.99,13.99,167.88
225,74,2025-02-19,4,3,13,27.99,25.99,337.87
224,74,2025-02-19,4,2,18,14.99,13.99,251.82
223,74,2025-02-19,4,9,9,14.99,13.99,125.91
222,74,2025-02-19,4,6,14,27.99,25.99,363.86
221,73,2025-02-19,1,4,20,14.99,13.99,279.8
220,73,2025-02-19,1,1,24,14.99,13.99,335.76
219,73,2025-02-19,1,3,20,27.99,25.99,519.8
237,78,2025-02-19,5,2,17,14.99,13.99,237.83
236,77,2025-02-19,2,3,16,27.99,25.99,415.84
227,75,2025-02-19,7,6,6,27.99,25.99,155.94
238,78,2025-02-19,5,4,18,14.99,13.99,251.82
248,81,2025-02-19,3,1,15,14.99,13.99,209.85
256,84,2025-02-19,12,7,12,9.99,8.99,107.88
239,78,2025-02-19,5,5,13,14.99,13.99,181.87
254,84,2025-02-19,12,4,6,14.99,13.99,83.94
253,83,2025-02-19,9,9,7,14.99,13.99,97.93
252,83,2025-02-19,9,6,7,27.99,25.99,181.93
251,82,2025-02-19,6,4,17,14.99,13.99,237.83
250,82,2025-02-19,6,1,18,14.99,13.99,251.82
249,82,2025-02-19,6,5,14,14.99,13.99,195.86
255,84,2025-02-19,12,9,7,14.99,13.99,97.93
240,79,2025-02-19,8,4,8,14.99,13.99,111.92
246,80,2025-02-19,11,7,9,9.99,8.99,80.91
245,80,2025-02-19,11,9,10,14.99,13.99,139.9
244,80,2025-02-19,11,1,9,14.99,13.99,125.91
243,80,2025-02-19,11,4,7,14.99,13.99,97.93
242,79,2025-02-19,8,2,10,14.99,13.99,139.9
241,79,2025-02-19,8,9,7,14.99,13.99,97.93
247,81,2025-02-19,3,2,12,14.99,13.99,167.88
195,65,2025-02-12,2,2,18,14.99,13.99,251.82
193,64,2025-02-12,10,4,8,14.99,13.99,111.92
194,65,2025-02-12,2,1,24,14.99,13.99,335.76
183,61,2025-02-12,1,9,21,14.99,13.99,293.79
196,65,2025-02-12,2,3,24,27.99,25.99,623.76
197,66,2025-02-12,5,9,10,14.99,13.99,139.9
198,66,2025-02-12,5,6,9,27.99,25.99,233.91
191,64,2025-02-12,10,7,9,9.99,8.99,80.91
192,64,2025-02-12,10,8,8,9.99,8.99,71.92
187,63,2025-02-12,7,9,5,14.99,13.99,69.95
190,64,2025-02-12,10,1,8,14.99,13.99,111.92
189,63,2025-02-12,7,3,5,27.99,25.99,129.95
188,63,2025-02-12,7,1,9,14.99,13.99,125.91
186,62,2025-02-12,4,2,12,14.99,13.99,167.88
185,62,2025-02-12,4,4,8,14.99,13.99,111.92
184,61,2025-02-12,1,3,20,27.99,25.99,519.8
200,66,2025-02-12,5,3,8,27.99,25.99,207.92
199,66,2025-02-12,5,2,14,14.99,13.99,195.86
217,72,2025-02-12,12,4,12,14.99,13.99,167.88
201,67,2025-02-12,8,2,6,14.99,13.99,83.94
210,70,2025-02-12,6,5,9,14.99,13.99,125.91
216,72,2025-02-12,12,9,7,14.99,13.99,97.93
215,72,2025-02-12,12,7,14,9.99,8.99,125.86
214,72,2025-02-12,12,8,12,9.99,8.99,107.88
213,71,2025-02-12,9,3,4,27.99,25.99,103.96
212,71,2025-02-12,9,5,4,14.99,13.99,55.96
211,70,2025-02-12,6,3,12,27.99,25.99,311.88
202,67,2025-02-12,8,9,6,14.99,13.99,83.94
209,70,2025-02-12,6,6,8,27.99,25.99,207.92
207,69,2025-02-12,3,1,22,14.99,13.99,307.78
206,69,2025-02-12,3,3,17,27.99,25.99,441.83
205,68,2025-02-12,11,1,12,14.99,13.99,167.88
204,68,2025-02-12,11,4,9,14.99,13.99,125.91
203,67,2025-02-12,8,4,10,14.99,13.99,139.9
208,69,2025-02-12,3,9,20,14.99,13.99,279.8
157,52,2025-02-05,10,4,9,14.99,13.99,125.91
163,54,2025-02-05,5,6,16,27.99,25.99,415.84
162,54,2025-02-05,5,9,18,14.99,13.99,251.82
161,53,2025-02-05,2,5,16,14.99,13.99,223.84
160,53,2025-02-05,2,4,23,14.99,13.99,321.77
159,52,2025-02-05,10,1,10,14.99,13.99,139.9
158,52,2025-02-05,10,7,11,9.99,8.99,98.89
153,50,2025-02-05,4,1,17,14.99,13.99,237.83
156,51,2025-02-05,7,5,8,14.99,13.99,111.92
155,51,2025-02-05,7,1,5,14.99,13.99,69.95
154,50,2025-02-05,4,4,17,14.99,13.99,237.83
152,49,2025-02-05,1,3,24,27.99,25.99,623.76
151,49,2025-02-05,1,2,17,14.99,13.99,237.83
150,49,2025-02-05,1,4,19,14.99,13.99,265.81
166,55,2025-02-05,8,2,4,14.99,13.99,55.96
164,54,2025-02-05,5,5,12,14.99,13.99,167.88
165,54,2025-02-05,5,1,18,14.99,13.99,251.82
167,55,2025-02-05,8,3,4,27.99,25.99,103.96
175,57,2025-02-05,3,5,12,14.99,13.99,167.88
182,60,2025-02-05,12,8,14,9.99,8.99,125.86
181,60,2025-02-05,12,1,8,14.99,13.99,111.92
180,60,2025-02-05,12,9,7,14.99,13.99,97.93
179,59,2025-02-05,9,4,9,14.99,13.99,125.91
177,58,2025-02-05,6,2,12,14.99,13.99,167.88
176,58,2025-02-05,6,3,18,27.99,25.99,467.82
178,59,2025-02-05,9,6,8,27.99,25.99,207.92
174,57,2025-02-05,3,1,16,14.99,13.99,223.84
173,57,2025-02-05,3,3,18,27.99,25.99,467.82
172,57,2025-02-05,3,4,22,14.99,13.99,307.78
171,56,2025-02-05,11,7,10,9.99,8.99,89.9
170,56,2025-02-05,11,8,9,9.99,8.99,80.91
169,56,2025-02-05,11,4,11,14.99,13.99,153.89
168,56,2025-02-05,11,9,9,14.99,13.99,125.91
120,39,2025-01-29,7,5,9,14.99,13.99,125.91
128,42,2025-01-29,5,3,12,27.99,25.99,311.88
127,42,2025-01-29,5,4,15,14.99,13.99,209.85
126,41,2025-01-29,2,9,18,14.99,13.99,251.82
125,41,2025-01-29,2,2,14,14.99,13.99,195.86
124,41,2025-01-29,2,4,12,14.99,13.99,167.88
123,40,2025-01-29,10,4,12,14.99,13.99,167.88
122,40,2025-01-29,10,1,8,14.99,13.99,111.92
121,39,2025-01-29,7,1,8,14.99,13.99,111.92
112,37,2025-01-29,1,6,15,27.99,25.99,389.85
119,39,2025-01-29,7,9,4,14.99,13.99,55.96
118,38,2025-01-29,4,6,9,27.99,25.99,233.91
117,38,2025-01-29,4,9,11,14.99,13.99,153.89
116,38,2025-01-29,4,2,15,14.99,13.99,209.85
115,38,2025-01-29,4,4,12,14.99,13.99,167.88
114,37,2025-01-29,1,1,15,14.99,13.99,209.85
113,37,2025-01-29,1,3,15,27.99,25.99,389.85
130,43,2025-01-29,8,9,9,14.99,13.99,125.91
129,43,2025-01-29,8,6,9,27.99,25.99,233.91
146,48,2025-01-29,12,1,10,14.99,13.99,139.9
131,43,2025-01-29,8,5,7,14.99,13.99,97.93
141,46,2025-01-29,6,1,9,14.99,13.99,125.91
132,44,2025-01-29,11,4,9,14.99,13.99,125.91
148,48,2025-01-29,12,4,11,14.99,13.99,153.89
147,48,2025-01-29,12,9,9,14.99,13.99,125.91
145,47,2025-01-29,9,4,8,14.99,13.99,111.92
144,47,2025-01-29,9,2,5,14.99,13.99,69.95
143,47,2025-01-29,9,6,8,27.99,25.99,207.92
142,47,2025-01-29,9,1,4,14.99,13.99,55.96
149,48,2025-01-29,12,7,9,9.99,8.99,80.91
140,46,2025-01-29,6,2,10,14.99,13.99,139.9
135,45,2025-01-29,3,5,12,14.99,13.99,167.88
139,46,2025-01-29,6,5,9,14.99,13.99,125.91
134,45,2025-01-29,3,6,12,27.99,25.99,311.88
133,44,2025-01-29,11,7,6,9.99,8.99,53.94
136,45,2025-01-29,3,1,21,14.99,13.99,293.79
137,45,2025-01-29,3,3,19,27.99,25.99,493.81
138,46,2025-01-29,6,9,16,14.99,13.99,223.84
90,30,2025-01-22,5,3,13,27.99,25.99,337.87
82,28,2025-01-22,10,1,13,14.99,13.99,181.87
89,30,2025-01-22,5,2,18,14.99,13.99,251.82
88,30,2025-01-22,5,6,18,27.99,25.99,467.82
87,29,2025-01-22,2,4,24,14.99,13.99,335.76
86,29,2025-01-22,2,9,20,14.99,13.99,279.8
85,29,2025-01-22,2,5,15,14.99,13.99,209.85
84,28,2025-01-22,10,9,8,14.99,13.99,111.92
83,28,2025-01-22,10,7,14,9.99,8.99,125.86
78,26,2025-01-22,4,6,11,27.99,25.99,285.89
81,28,2025-01-22,10,8,8,9.99,8.99,71.92
80,27,2025-01-22,7,5,4,14.99,13.99,55.96
79,27,2025-01-22,7,2,4,14.99,13.99,55.96
77,26,2025-01-22,4,1,12,14.99,13.99,167.88
76,26,2025-01-22,4,4,13,14.99,13.99,181.87
74,25,2025-01-22,1,5,12,14.99,13.99,167.88
75,25,2025-01-22,1,9,21,14.99,13.99,293.79
92,31,2025-01-22,8,4,4,14.99,13.99,55.96
91,30,2025-01-22,5,4,15,14.99,13.99,209.85
110,36,2025-01-22,12,4,7,14.99,13.99,97.93
93,31,2025-01-22,8,1,6,14.99,13.99,83.94
103,34,2025-01-22,6,5,17,14.99,13.99,237.83
111,36,2025-01-22,12,9,6,14.99,13.99,83.94
109,36,2025-01-22,12,7,6,9.99,8.99,53.94
108,36,2025-01-22,12,8,13,9.99,8.99,116.87
107,35,2025-01-22,9,6,4,27.99,25.99,103.96
106,35,2025-01-22,9,4,4,14.99,13.99,55.96
105,35,2025-01-22,9,2,5,14.99,13.99,69.95
104,34,2025-01-22,6,2,17,14.99,13.99,237.83
94,31,2025-01-22,8,2,4,14.99,13.99,55.96
102,33,2025-01-22,3,2,19,14.99,13.99,265.81
100,33,2025-01-22,3,1,16,14.99,13.99,223.84
99,32,2025-01-22,11,7,6,9.99,8.99,53.94
98,32,2025-01-22,11,1,7,14.99,13.99,97.93
97,32,2025-01-22,11,9,9,14.99,13.99,125.91
96,32,2025-01-22,11,4,6,14.99,13.99,83.94
95,31,2025-01-22,8,5,8,14.99,13.99,111.92
101,33,2025-01-22,3,5,22,14.99,13.99,307.78
48,16,2025-01-15,10,9,8,14.99,13.99,111.92
55,18,2025-01-15,5,3,15,27.99,25.99,389.85
54,18,2025-01-15,5,9,16,14.99,13.99,223.84
53,18,2025-01-15,5,5,10,14.99,13.99,139.9
52,18,2025-01-15,5,4,11,14.99,13.99,153.89
51,17,2025-01-15,2,5,23,14.99,13.99,321.77
50,17,2025-01-15,2,9,16,14.99,13.99,223.84
49,17,2025-01-15,2,2,20,14.99,13.99,279.8
44,14,2025-01-15,4,3,12,27.99,25.99,311.88
47,16,2025-01-15,10,8,13,9.99,8.99,116.87
46,15,2025-01-15,7,5,6,14.99,13.99,83.94
45,15,2025-01-15,7,2,9,14.99,13.99,125.91
43,14,2025-01-15,4,9,14,14.99,13.99,195.86
42,13,2025-01-15,1,3,15,27.99,25.99,389.85
41,13,2025-01-15,1,2,12,14.99,13.99,167.88
40,13,2025-01-15,1,5,24,14.99,13.99,335.76
56,19,2025-01-15,8,9,10,14.99,13.99,139.9
39,13,2025-01-15,1,6,24,27.99,25.99,623.76
57,19,2025-01-15,8,1,4,14.99,13.99,55.96
58,20,2025-01-15,11,4,7,14.99,13.99,97.93
67,23,2025-01-15,9,2,9,14.99,13.99,125.91
59,20,2025-01-15,11,8,12,9.99,8.99,107.88
73,24,2025-01-15,12,9,11,14.99,13.99,153.89
72,24,2025-01-15,12,7,8,9.99,8.99,71.92
71,24,2025-01-15,12,1,9,14.99,13.99,125.91
69,23,2025-01-15,9,1,6,14.99,13.99,83.94
68,23,2025-01-15,9,4,9,14.99,13.99,125.91
70,24,2025-01-15,12,4,14,14.99,13.99,195.86
66,22,2025-01-15,6,3,12,27.99,25.99,311.88
65,22,2025-01-15,6,5,9,14.99,13.99,125.91
64,22,2025-01-15,6,1,13,14.99,13.99,181.87
63,22,2025-01-15,6,6,18,27.99,25.99,467.82
62,21,2025-01-15,3,9,12,14.99,13.99,167.88
61,21,2025-01-15,3,4,20,14.99,13.99,279.8
60,21,2025-01-15,3,5,16,14.99,13.99,223.84
11,4,2025-01-08,10,9,9,14.99,13.99,125.91
18,6,2025-01-08,5,9,13,14.99,13.99,181.87
17,6,2025-01-08,5,1,9,14.99,13.99,125.91
16,5,2025-01-08,2,4,15,14.99,13.99,209.85
15,5,2025-01-08,2,2,14,14.99,13.99,195.86
14,5,2025-01-08,2,1,16,14.99,13.99,223.84
13,5,2025-01-08,2,3,17,27.99,25.99,441.83
12,4,2025-01-08,10,8,13,9.99,8.99,116.87
3,1,2025-01-08,1,3,23,27.99,25.99,597.77
10,3,2025-01-08,7,9,8,14.99,13.99,111.92
9,3,2025-01-08,7,5,4,14.99,13.99,55.96
8,2,2025-01-08,4,4,11,14.99,13.99,153.89
7,2,2025-01-08,4,1,9,14.99,13.99,125.91
6,2,2025-01-08,4,5,8,14.99,13.99,111.92
5,2,2025-01-08,4,6,8,27.99,25.99,207.92
4,1,2025-01-08,1,2,13,14.99,13.99,181.87
20,7,2025-01-08,8,3,7,27.99,25.99,181.93
19,6,2025-01-08,5,4,13,14.99,13.99,181.87
2,1,2025-01-08,1,9,14,14.99,13.99,195.86
21,7,2025-01-08,8,1,4,14.99,13.99,55.96
31,10,2025-01-08,6,6,13,27.99,25.99,337.87
38,12,2025-01-08,12,9,10,14.99,13.99,139.9
37,12,2025-01-08,12,7,12,9.99,8.99,107.88
36,12,2025-01-08,12,4,13,14.99,13.99,181.87
35,12,2025-01-08,12,1,8,14.99,13.99,111.92
34,11,2025-01-08,9,3,9,27.99,25.99,233.91
33,11,2025-01-08,9,6,9,27.99,25.99,233.91
32,10,2025-01-08,6,3,13,27.99,25.99,337.87
30,10,2025-01-08,6,4,10,14.99,13.99,139.9
22,7,2025-01-08,8,4,8,14.99,13.99,111.92
29,9,2025-01-08,3,2,18,14.99,13.99,251.82
28,9,2025-01-08,3,9,13,14.99,13.99,181.87
27,8,2025-01-08,11,1,10,14.99,13.99,139.9
26,8,2025-01-08,11,8,9,9.99,8.99,80.91
25,8,2025-01-08,11,7,6,9.99,8.99,53.94
24,8,2025-01-08,11,9,7,14.99,13.99,97.93
23,7,2025-01-08,8,6,6,27.99,25.99,155.94
1,1,2025-01-08,1,1,15,14.99,13.99,209.85
