ProductID,ProductName,Brand,Supplier
1,Apex Lager Original 12PK,Apex Lager,Apex Brewing Co.
2,Apex Lager Light 12PK,Apex Lager,Apex Brewing Co.
3,Apex Lager Original 24PK,Apex Lager,Apex Brewing Co.
4,Summit Seltzer Black Cherry 12PK,Summit Seltzer,Summit Seltzer Co.
5,Summit Seltzer Lime 12PK,Summit Seltzer,Summit Seltzer Co.
6,Summit Seltzer Variety 24PK,Summit Seltzer,Summit Seltzer Co.
7,Coastal IPA Original 6PK,Coastal IPA,Coastal Craft Brewing
8,Coastal IPA Hazy 6PK,Coastal IPA,Coastal Craft Brewing
9,Coastal IPA Session 12PK,Coastal IPA,Coastal Craft Brewing
